Index,Head Length
2,95.8242488545181
7,93.15734720777444
8,93.19188145688523
13,92.70999738043747
16,96.87871118932262
22,93.19394956087042
24,96.12296370643816
26,90.3442002622877
30,90.42540081194686
33,92.29694656701275
43,92.0269378791719
53,97.24717834065173
54,98.5735752116107
55,100.04732716670792
73,92.42238471571505
75,86.51236873649792
78,89.20784576448837
86,90.93794315704042
93,89.63032760556354
94,96.80865853726999
96,90.16074098269858
