Index,age
2,4.615362122837207
7,4.611718639127934
8,4.411086557105319
13,4.615362122837207
16,4.611718639127934
22,4.407284473771986
24,4.611718639127934
26,2.319522692272804
30,3.8017329480306152
33,2.876123908579517
43,2.319522692272804
53,4.611718639127934
54,4.611718639127934
55,4.611718639127934
73,4.391911319072475
75,2.31370682923996
78,2.317350312949233
86,3.7921756563639493
93,2.319522692272804
94,4.600867279137686
96,2.9156148712720604
